ds,y
2020-01-01,11.595262053824836
2020-01-02,15.648503534598182
2020-01-03,5.28541778099179
2020-01-04,1.437537213188293
2020-01-05,-3.00208348279309
2020-01-06,-5.682588227302818
2020-01-07,-4.710164508023711
2020-01-08,-0.48820136456523666
2020-01-09,2.864429908477973
2020-01-10,2.6978036981750537
2020-01-11,-0.20442254714988684
2020-01-12,-3.258209444384409
2020-01-13,-5.681366698584
2020-01-14,-5.503827383523468
2020-01-15,-10.898321339207863
2020-01-16,1.7076384906477182
2020-01-17,3.0505780356129875
2020-01-18,0.8928202545626487
2020-01-19,-5.160128583243123
2020-01-20,-6.507520833746911
2020-01-21,-6.208706931645149
2020-01-22,-1.651851666980026
2020-01-23,0.7310973094566635
2020-01-24,2.8422610117865226
2020-01-25,-0.4341190100775125
2020-01-26,-5.398808771736885
2020-01-27,-8.255494989465479
2020-01-28,-7.245230765996121
2020-01-29,-3.8653425082429265
2020-01-30,-0.03683053080811938
2020-01-31,2.426144809323003
2020-02-01,-2.0858216197461448
2020-02-02,-5.145812882723889
2020-02-03,-8.71077492196856
2020-02-04,-8.00646522522164
2020-02-05,-4.547315098530226
2020-02-06,-0.08577926376159528
2020-02-07,-0.283721672571537
2020-02-08,-1.8268295530383272
2020-02-09,-6.718082280684232
2020-02-10,-10.26799315070861
2020-02-11,-9.00452666528663
2020-02-12,-4.660464382114019
2020-02-13,-0.2654531273706775
2020-02-14,12.2577633985548
2020-02-15,8.975758369406297
2020-02-16,-6.349352196128059
2020-02-17,-9.759443774245051
2020-02-18,-9.250798932569854
2020-02-19,-5.92364264519266
2020-02-20,-10.452981664234134
2020-02-21,-0.21285288262684077
2020-02-22,-3.479436825293031
2020-02-23,-7.23156624168113
2020-02-24,-10.495528761041005
2020-02-25,-9.537310608542882
2020-02-26,-6.158277717515727
2020-02-27,-1.88751876069677
2020-02-28,-1.0763855997555547
2020-02-29,-3.5726593695066304
2020-03-01,-1.6808780005914976
2020-03-02,-5.34358318131663
2020-03-03,-4.0990623687233665
2020-03-04,0.0682812143190996
2020-03-05,3.766592573457226
2020-03-06,4.671447468920345
2020-03-07,2.1060363344719377
2020-03-08,-2.9178614309521853
2020-03-09,-5.253907575691042
2020-03-10,-3.856273886254735
2020-03-11,0.35134568909786235
2020-03-12,4.488616759899784
2020-03-13,5.12595143733478
2020-03-14,1.7406275091859824
2020-03-15,-2.0909574302249276
2020-03-16,-3.6489019349535163
2020-03-17,-4.342932400015546
2020-03-18,0.08621918035093923
2020-03-19,4.249160032590033
2020-03-20,4.651016923971991
2020-03-21,2.975651978748391
2020-03-22,7.52452017062414
2020-03-23,4.832527852393861
2020-03-24,5.949282140463285
2020-03-25,9.51092367884951
2020-03-26,14.07670162121757
2020-03-27,14.32941222662455
2020-03-28,11.50243501757163
2020-03-29,7.679179778112771
2020-03-30,6.19956415290851
2020-03-31,5.235842639942636
2020-04-01,-0.06891726554570313
2020-04-02,2.7152799575807887
2020-04-03,4.9259950061459765
2020-04-04,1.9493993690191842
2020-04-05,-2.6842481467871
2020-04-06,-5.204799774810491
2020-04-07,-3.6636132336928995
2020-04-08,0.08684209831778494
2020-04-09,3.061097194348541
2020-04-10,5.485774867036492
2020-04-11,2.6640788807361386
2020-04-12,-1.9825521988892925
2020-04-13,-4.301907457728207
2020-04-14,-3.554899470607883
2020-04-15,0.16755142023135958
2020-04-16,3.9191654675158256
2020-04-17,5.045146280419452
2020-04-18,1.9383245089791217
2020-04-19,-1.8315868003359437
2020-04-20,-4.288751163162732
2020-04-21,-3.490045161452909
2020-04-22,-0.18737952518062034
2020-04-23,4.161846016584846
2020-04-24,4.776307260348463
2020-04-25,1.734547528873626
2020-04-26,-2.0821686760265408
2020-04-27,-4.765752294680304
2020-04-28,-4.319657439552178
2020-04-29,-0.4319704927017295
2020-04-30,3.9880856348142073
2020-05-01,4.797403298114491
2020-05-02,1.699835717501447
2020-05-03,-2.0303198676566008
2020-05-04,-4.760096688610455
2020-05-05,-3.1396977138732463
2020-05-06,0.23775217313010896
2020-05-07,4.328988812040599
2020-05-08,3.2892178637032425
2020-05-09,1.697674662257376
2020-05-10,-2.038890196872987
2020-05-11,-4.565562971542402
2020-05-12,-4.685383747062129
2020-05-13,0.27361864779785716
2020-05-14,3.7914329427067965
2020-05-15,4.4152922358438955
2020-05-16,1.6388842488835944
2020-05-17,-2.3723691442296473
2020-05-18,-4.735279035888978
2020-05-19,-3.568939347256632
2020-05-20,0.7325341517998001
2020-05-21,3.644568416065206
2020-05-22,5.521651956754037
2020-05-23,2.3787730548125334
2020-05-24,-1.6626851808685301
2020-05-25,-4.620714152671913
2020-05-26,-3.575056087056796
2020-05-27,11.799825241343434
2020-05-28,16.09563193353066
2020-05-29,4.213052783001717
2020-05-30,1.3509299041826683
2020-05-31,-2.3605704558097904
2020-06-01,-3.9256745774644313
2020-06-02,-0.9835048301984435
2020-06-03,1.5485682202283417
2020-06-04,5.83689561155597
2020-06-05,6.542709156936123
2020-06-06,3.5901013449792085
2020-06-07,-0.17309972645903482
2020-06-08,-3.5841272793606267
2020-06-09,-2.40560976912897
2020-06-10,1.0134125576342423
2020-06-11,4.768053360645855
2020-06-12,6.949314172084907
2020-06-13,4.296583109126179
2020-06-14,-0.3104900308840264
2020-06-15,-3.935644500638034
2020-06-16,-2.2268481572009424
2020-06-17,0.9408462055059679
2020-06-18,4.412242807029126
2020-06-19,18.74230345338721
2020-06-20,14.391298134748103
2020-06-21,6.990092518246567
2020-06-22,4.790054527295704
2020-06-23,5.477741201483043
2020-06-24,8.951457858804156
2020-06-25,13.480856547332314
2020-06-26,14.6274602293487
2020-06-27,11.431996521830353
2020-06-28,7.221117517540048
2020-06-29,4.570210040041
2020-06-30,5.260939638662284
2020-07-01,-0.0769548244644055
2020-07-02,3.9959843347467534
2020-07-03,4.396492281813609
2020-07-04,14.177396612529398
2020-07-05,9.598519066100916
2020-07-06,-4.719512302528163
2020-07-07,-4.483929343086481
2020-07-08,0.3234694879574268
2020-07-09,3.70105206653691
2020-07-10,3.687814432204628
2020-07-11,1.9565661020246325
2020-07-12,-2.7404774173935578
2020-07-13,-5.67827722263263
2020-07-14,-4.801577931360427
2020-07-15,-1.09208712783514
2020-07-16,3.4491822683374314
2020-07-17,3.548842344350829
2020-07-18,1.5040949569017572
2020-07-19,-3.374012315841189
2020-07-20,-6.089802794263555
2020-07-21,-5.357869598667172
2020-07-22,-0.8593551921018259
2020-07-23,2.4275794122668164
2020-07-24,3.244218779302263
2020-07-25,0.6165416132490253
2020-07-26,-4.118672293304773
2020-07-27,-6.24765741692067
2020-07-28,-6.437022380581094
2020-07-29,-1.4681019663301038
2020-07-30,2.5147914122943726
2020-07-31,3.437261930380267
2020-08-01,-0.09391576335829788
2020-08-02,-4.015627482193778
2020-08-03,-8.02010765100523
2020-08-04,-6.702738123090397
2020-08-05,-2.676807010372511
2020-08-06,1.4002506195792415
2020-08-07,2.766057277815766
2020-08-08,0.18076647557031134
2020-08-09,-4.874030746583121
2020-08-10,-7.5552865562564016
2020-08-11,-7.003593245288492
2020-08-12,-3.0271156406597544
2020-08-13,1.79200368560441
2020-08-14,2.547591569187902
2020-08-15,-0.7160165525146476
2020-08-16,-4.834542100646937
2020-08-17,-7.903645353217797
2020-08-18,-7.436983714119843
2020-08-19,-2.689996922915228
2020-08-20,0.7857425334386767
2020-08-21,2.0724683887742517
2020-08-22,-1.0543332302131514
2020-08-23,-5.7456713238143085
2020-08-24,-8.259205580623851
2020-08-25,-7.49448979471462
2020-08-26,-3.3190630487912545
2020-08-27,0.6250044055754649
2020-08-28,1.6465088201567917
2020-08-29,-0.6145343901468379
2020-08-30,-6.146714320066996
2020-08-31,-7.929505828269891
2020-09-01,-3.9550054345443764
2020-09-02,-10.423713131271198
2020-09-03,4.1639852942595805
2020-09-04,5.529345041843973
2020-09-05,2.7312057984513087
2020-09-06,-2.421007519417706
2020-09-07,-4.89922169303666
2020-09-08,-3.2727745724446002
2020-09-09,0.3335726935505516
2020-09-10,4.167795935298638
2020-09-11,4.880148074754182
2020-09-12,2.278376417757406
2020-09-13,-2.188673926668301
2020-09-14,-4.501239904979787
2020-09-15,-4.3308141287281465
2020-09-16,1.2576156691753198
2020-09-17,4.313205084808709
2020-09-18,3.6304721367391526
2020-09-19,2.7672495912364443
2020-09-20,4.467963512876711
2020-09-21,1.9859372139833198
2020-09-22,2.2871753428529393
2020-09-23,6.2927326470396965
2020-09-24,10.345992222971255
2020-09-25,11.757433405260556
2020-09-26,8.905712714861721
2020-09-27,4.4069200517887035
2020-09-28,1.5784613866971942
2020-09-29,2.6507699857062548
2020-09-30,0.40189085295935334
2020-10-01,3.650831867701138
2020-10-02,4.365242502654197
2020-10-03,2.132330951405063
2020-10-04,-2.4141057791784917
2020-10-05,-4.120185394324922
2020-10-06,-4.211130517609329
2020-10-07,-0.08669592616504608
2020-10-08,4.496988322139985
2020-10-09,4.524310179559848
2020-10-10,2.517780372781671
2020-10-11,-2.948100340323529
2020-10-12,-5.046620850481366
2020-10-13,-3.715784452827949
2020-10-14,-9.244812594596809
2020-10-15,4.16338407097318
2020-10-16,5.738008347365268
2020-10-17,1.2640094433350684
2020-10-18,-2.5504254413554404
2020-10-19,-5.364701361137177
2020-10-20,-3.6400004839586018
2020-10-21,-0.07355452303075602
2020-10-22,3.7212137935235288
2020-10-23,4.6604621625963905
2020-10-24,2.1900660008896105
2020-10-25,-2.0048095717733116
2020-10-26,-5.5631845413048255
2020-10-27,-3.8037802540415306
2020-10-28,0.24074357889411718
2020-10-29,4.011504303251538
2020-10-30,5.521515229191213
2020-10-31,2.9757679803676407
2020-11-01,-7.421636576380026
2020-11-02,-8.944677248692148
2020-11-03,-8.072629507120675
2020-11-04,-4.556354712159223
2020-11-05,0.04226011258696705
2020-11-06,0.8621273503992493
2020-11-07,-1.242042003857999
2020-11-08,-5.992438503064204
2020-11-09,-7.577545455243014
2020-11-10,-7.8350754299448875
2020-11-11,8.132398502210368
2020-11-12,12.626483893627071
2020-11-13,1.331771489679991
2020-11-14,-2.653648243646778
2020-11-15,-5.991618949839898
2020-11-16,-7.867403347729407
2020-11-17,-7.6400738337365395
2020-11-18,-2.8355908585425236
2020-11-19,-0.2804897248838154
2020-11-20,1.6371977228325991
2020-11-21,-1.4617749788213388
2020-11-22,-5.264780672109113
2020-11-23,-7.960343270925957
2020-11-24,-7.752550178978274
2020-11-25,-2.533324737098683
2020-11-26,1.8074322678534847
2020-11-27,1.0820175198210125
2020-11-28,10.478568026397458
2020-11-29,7.2945206764242645
2020-11-30,-7.862598219978518
2020-12-01,-7.466861468886823
2020-12-02,-2.3085676928906773
2020-12-03,1.1678979500844222
2020-12-04,3.1968214612910018
2020-12-05,-0.3819235662899714
2020-12-06,-4.020387147078106
2020-12-07,-6.4245509588066
2020-12-08,-5.771283763472265
2020-12-09,-1.4830595118644474
2020-12-10,3.1177786218079784
2020-12-11,3.45276431117141
2020-12-12,0.045140714090549094
2020-12-13,-5.018474459323704
2020-12-14,-6.177720093090633
2020-12-15,-4.9161705928813
2020-12-16,-1.895312248033013
2020-12-17,1.9206740668862838
2020-12-18,4.338429879312825
2020-12-19,1.363468938999937
2020-12-20,4.02614019272972
2020-12-21,0.44737955013750497
2020-12-22,1.6587881553591812
2020-12-23,5.920022154466594
2020-12-24,9.622023781937518
2020-12-25,23.050511724636372
2020-12-26,10.681425434708327
2020-12-27,5.268257030906941
2020-12-28,1.36148412387034
2020-12-29,2.5158889676405454
2020-12-30,-0.20493640416246017
2020-12-31,4.607844000658171
2021-01-01,16.44404446487214
2021-01-02,14.041831412730444
2021-01-03,-2.2162935177521828
2021-01-04,-5.085282179938718
2021-01-05,-3.9399892560213714
2021-01-06,0.37265426807798646
2021-01-07,3.4597171813609506
2021-01-08,4.786254262816862
2021-01-09,2.5277620460899497
2021-01-10,-2.1256978151089423
2021-01-11,-4.776052110222238
2021-01-12,-3.9964136859827892
2021-01-13,-0.08046349318924086
2021-01-14,4.534425161855171
2021-01-15,-4.520518737460353
2021-01-16,2.8489934061459494
2021-01-17,-1.9087607540779126
2021-01-18,-5.603549265382719
2021-01-19,-4.474352232556442
2021-01-20,0.2695436222432097
2021-01-21,3.553863582945289
2021-01-22,5.630503393340662
2021-01-23,1.4117212222107982
2021-01-24,-2.5400493058699216
2021-01-25,-4.837934208563108
2021-01-26,-3.7983815071526945
2021-01-27,-0.3950431543903645
2021-01-28,4.120515973206302
2021-01-29,3.906067822844866
2021-01-30,2.426494149826195
2021-01-31,-1.7473823588564361
2021-02-01,-5.684607956282129
2021-02-02,-3.8696256665631
2021-02-03,0.13940388780206436
2021-02-04,4.028552629285586
2021-02-05,5.503702315223943
2021-02-06,2.0112024371271
2021-02-07,-2.0443937984322424
2021-02-08,-5.105459828225089
2021-02-09,-3.8311168549689456
2021-02-10,-0.3046804610093855
2021-02-11,4.09019765651779
2021-02-12,5.482261646591254
2021-02-13,2.059034095839529
2021-02-14,9.568536222395174
2021-02-15,6.300262275682916
2021-02-16,-4.69004694787614
2021-02-17,-0.6678195526318278
2021-02-18,3.102212020682016
2021-02-19,5.32831087477244
2021-02-20,-8.099346739738461
2021-02-21,-3.0274034205717335
2021-02-22,-4.097700783054557
2021-02-23,-3.2555389767785883
2021-02-24,-0.4527272408452511
2021-02-25,3.6228911710814056
2021-02-26,5.1465250714094495
2021-02-27,1.4817036979757892
2021-02-28,-2.363831077206971
2021-03-01,-4.6338554157977105
2021-03-02,-4.462901822909577
2021-03-03,0.2011348706005621
2021-03-04,3.3279588277565
2021-03-05,3.8761432767827797
2021-03-06,1.3078373117229274
2021-03-07,-2.097398040597216
2021-03-08,-4.3677786473362605
2021-03-09,-3.6593575703410206
2021-03-10,-0.6048659998764456
2021-03-11,3.7891174493257966
2021-03-12,4.311522785787771
2021-03-13,2.7224569249789936
2021-03-14,-2.3507063170281937
2021-03-15,-4.7854176233943
2021-03-16,-4.321094495840687
2021-03-17,0.7777101857310725
2021-03-18,3.4345290352277864
2021-03-19,4.5745649667011925
2021-03-20,2.500990342362191
2021-03-21,-10.168461599115478
2021-03-22,-12.552108456122454
2021-03-23,-11.243033108011858
2021-03-24,-7.749763698076048
2021-03-25,-4.0921815786298525
2021-03-26,-2.217066152307135
2021-03-27,-5.434201605195189
2021-03-28,-9.767571448918947
2021-03-29,-13.232298964784881
2021-03-30,-10.643866642887817
2021-03-31,-0.9525350959785788
2021-04-01,4.5889665284956624
2021-04-02,4.852881839470752
2021-04-03,2.0246912395723333
2021-04-04,-2.4352080159201273
2021-04-05,-4.097479700087645
2021-04-06,-4.508633442102597
2021-04-07,0.6361126649878363
2021-04-08,3.613810145556334
2021-04-09,4.697666504242648
2021-04-10,0.9147575861226982
2021-04-11,-3.0070331167378916
2021-04-12,-5.0594740207543225
2021-04-13,-3.4610220820342628
2021-04-14,-0.6668963588201283
2021-04-15,3.0997123846430754
2021-04-16,5.164645705232538
2021-04-17,2.670835348991899
2021-04-18,-2.798751573813929
2021-04-19,-3.825854920933603
2021-04-20,-3.387728916856487
2021-04-21,0.09915652790182133
2021-04-22,3.4076280902307787
2021-04-23,4.744700275733591
2021-04-24,1.539600495619962
2021-04-25,-2.417072988737468
2021-04-26,-4.901227219279599
2021-04-27,-3.376706117687414
2021-04-28,-0.3809987379207095
2021-04-29,3.237585335271706
2021-04-30,4.822556006535986
2021-05-01,2.2756503869786324
2021-05-02,-2.0207179415810215
2021-05-03,-4.577847111420062
2021-05-04,-3.5847202042773763
2021-05-05,0.13010887234835788
2021-05-06,2.945019384329184
2021-05-07,5.553457499124313
2021-05-08,2.771721734384793
2021-05-09,-2.162940235004979
2021-05-10,-4.2257085428666965
2021-05-11,-3.356656404093224
2021-05-12,-0.4440337410171417
2021-05-13,3.610058023869135
2021-05-14,5.66895862892855
2021-05-15,2.318640187099554
2021-05-16,-2.456279905486385
2021-05-17,-5.062649886928324
2021-05-18,-3.893198490361953
2021-05-19,-0.0660629915508417
2021-05-20,4.988089967666467
2021-05-21,4.77835843035255
2021-05-22,2.4798408307619657
2021-05-23,-2.0622961113311358
2021-05-24,-4.416140534001844
2021-05-25,-3.739677732720283
2021-05-26,0.6630467531925723
2021-05-27,16.896394571281753
2021-05-28,17.23388917798244
2021-05-29,1.4706856338204304
2021-05-30,-2.3061847386862917
2021-05-31,-4.779638940789454
2021-06-01,-2.442969555324994
2021-06-02,2.4381582996176436
2021-06-03,5.625282801108349
2021-06-04,6.078391868183747
2021-06-05,3.748679505843358
2021-06-06,-0.8194629220613341
2021-06-07,-2.9999845746745915
2021-06-08,-1.7861449145108774
2021-06-09,1.4855677801842606
2021-06-10,5.016488800803633
2021-06-11,6.573829208387688
2021-06-12,3.4923678307789316
2021-06-13,-0.925714143667048
2021-06-14,-3.3380265668136553
2021-06-15,-3.1278764749555092
2021-06-16,1.171162379765675
2021-06-17,3.952145663969495
2021-06-18,4.876737522208633
2021-06-19,16.103252263232065
2021-06-20,4.648329332523274
2021-06-21,-10.792821582457968
2021-06-22,-9.64825893958079
2021-06-23,-5.79409304396987
2021-06-24,-2.0762705982232785
2021-06-25,-1.2265368958935385
2021-06-26,-3.6281764015336817
2021-06-27,-8.476124624981388
2021-06-28,-11.061401272368562
2021-06-29,-10.053830799610731
2021-06-30,-0.011286687019988778
2021-07-01,3.10464442392828
2021-07-02,5.619309330548706
2021-07-03,1.2689747552520263
2021-07-04,8.583502608658886
2021-07-05,6.531742164253434
2021-07-06,-4.46215176887177
2021-07-07,-0.7582060252835365
2021-07-08,2.6329293131933627
2021-07-09,2.4099639728115054
2021-07-10,-0.19721793538145183
2021-07-11,-4.819114976903333
2021-07-12,-8.008601182710352
2021-07-13,-5.739990401666537
2021-07-14,-3.025116483889458
2021-07-15,0.34091365434736787
2021-07-16,0.8423600483452383
2021-07-17,-1.7918834616446428
2021-07-18,-5.81247935156366
2021-07-19,-9.202885134710959
2021-07-20,-8.150934103612204
2021-07-21,-4.516909934460034
2021-07-22,-1.162001679237068
2021-07-23,-1.7676799071592617
2021-07-24,-2.4924154216805765
2021-07-25,-7.739490840489825
2021-07-26,-10.937483238496533
2021-07-27,-9.667319220753825
2021-07-28,-6.915036275735757
2021-07-29,-2.403556295979043
2021-07-30,-1.762461506938731
2021-07-31,-5.367719821599136
2021-08-01,-9.65426707681866
2021-08-02,-12.675298860693985
2021-08-03,-11.423918894753953
2021-08-04,-8.583623268549275
2021-08-05,-4.591300302083516
2021-08-06,-4.060085691425533
2021-08-07,-6.978048142946114
2021-08-08,-10.494402167206946
2021-08-09,-14.148271248196295
2021-08-10,-14.080414154280245
2021-08-11,-9.252565402617462
2021-08-12,-6.238336629350359
2021-08-13,-5.610410215038982
2021-08-14,-9.700595014204193
2021-08-15,-13.183967483153705
2021-08-16,-16.098993792693065
2021-08-17,-15.492239417488651
2021-08-18,-12.324268432006779
2021-08-19,-7.756111158682315
2021-08-20,-6.267524055175693
2021-08-21,-9.732048424479167
2021-08-22,-14.65792757524902
2021-08-23,-17.910191615282443
2021-08-24,-17.367833716345437
2021-08-25,-12.857815765562203
2021-08-26,-9.30549437077724
2021-08-27,-9.293320449047297
2021-08-28,-12.10866469407671
2021-08-29,-16.192333337920886
2021-08-30,-18.36712410153633
2021-08-31,-18.899722969344467
2021-09-01,-10.72801770538732
2021-09-02,-18.079599367359375
2021-09-03,-6.842798599822105
2021-09-04,-8.967300965992816
2021-09-05,-14.424371959255604
2021-09-06,-16.774658050966018
2021-09-07,-16.060095364031323
2021-09-08,-12.219211203359905
2021-09-09,-8.351159308117978
2021-09-10,-7.603681100550584
2021-09-11,-10.589533227461173
2021-09-12,-15.127070243390364
2021-09-13,-18.149283541919598
2021-09-14,-18.243393400240326
2021-09-15,-13.26156103597565
2021-09-16,-10.676682203769877
2021-09-17,-9.198176358163234
2021-09-18,-11.748146266148243
2021-09-19,-22.970508204131583
2021-09-20,-25.089315289950058
2021-09-21,-25.449254214525368
2021-09-22,-20.79928772820835
2021-09-23,-17.41152388806903
2021-09-24,-16.689244346122557
2021-09-25,-19.931808305544926
2021-09-26,-24.36820071948059
2021-09-27,-26.685294606831164
2021-09-28,-26.225860343539257
2021-09-29,-16.52876862548463
2021-09-30,4.189677535464373
2021-10-01,5.326462144277826
2021-10-02,2.347984008239647
2021-10-03,-1.6887438058903195
2021-10-04,-5.241004697453532
2021-10-05,-3.8148681675985454
2021-10-06,0.44161724906154387
2021-10-07,4.0929966884436695
2021-10-08,3.871422194335085
2021-10-09,2.9036634886954005
2021-10-10,-2.540935011787501
2021-10-11,-4.960092263186553
2021-10-12,-3.989887149990199
2021-10-13,-0.48624435003335215
2021-10-14,-5.478833391936634
2021-10-15,4.370268647201001
2021-10-16,2.3405567495848465
2021-10-17,-2.772893704125428
2021-10-18,-4.559738091090036
2021-10-19,-3.6807752130407336
2021-10-20,0.8402429281941343
2021-10-21,3.373931795439268
2021-10-22,4.732520239879928
2021-10-23,2.493097775614871
2021-10-24,-1.7100042442970451
2021-10-25,-5.3930784646098715
2021-10-26,-4.042761131457744
2021-10-27,0.5561011172714359
2021-10-28,3.9288304023791265
2021-10-29,6.046820007542019
2021-10-30,1.5155327259346705
2021-10-31,-2.468990734002847
2021-11-01,-8.947482243262659
2021-11-02,-8.366632001668673
2021-11-03,-4.725072408522982
2021-11-04,-0.03072968550564692
2021-11-05,0.4775372805739613
2021-11-06,-1.951300834802081
2021-11-07,-5.95846898070002
2021-11-08,-8.46298553511019
2021-11-09,-8.122208984747052
2021-11-10,-4.396561041094888
2021-11-11,11.446519284436466
2021-11-12,13.476830124116429
2021-11-13,-2.1475918049126976
2021-11-14,-5.195198674787523
2021-11-15,-8.090378942798475
2021-11-16,-7.570470843320148
2021-11-17,-3.647218586061904
2021-11-18,0.5976474797594453
2021-11-19,1.078136729202491
2021-11-20,-0.9220726688952596
2021-11-21,-5.307450422151555
2021-11-22,-7.763897356707136
2021-11-23,-7.161277188420348
2021-11-24,-2.4036603494934363
2021-11-25,0.12927424829555134
2021-11-26,2.7402181244284898
2021-11-27,-1.0250871558664225
2021-11-28,7.627069515444125
2021-11-29,4.5105329679254
2021-11-30,-6.759529798094297
2021-12-01,-2.3385178504944593
2021-12-02,1.1446587636728407
2021-12-03,2.1006064479644033
2021-12-04,-0.5031624306893612
2021-12-05,-4.367783613402803
2021-12-06,-7.1679937277675085
2021-12-07,-5.7030200727511495
2021-12-08,-1.5663744283644836
2021-12-09,2.603047491812304
2021-12-10,3.1664473378510554
2021-12-11,0.0796187068634977
2021-12-12,-3.7336467279204912
2021-12-13,-6.307920201846791
2021-12-14,-4.9507119662032535
2021-12-15,-1.0885726113328036
2021-12-16,1.8786450223691633
2021-12-17,4.33191203744698
2021-12-18,1.024050797920721
2021-12-19,2.7079271782839847
2021-12-20,0.7711605401544962
2021-12-21,2.2849339870058407
2021-12-22,5.4555735603440585
2021-12-23,10.084011277059629
2021-12-24,11.574368694623692
2021-12-25,20.58269642023414
2021-12-26,6.9578109565652655
2021-12-27,1.7597100621675932
2021-12-28,3.1083313503701837
2021-12-29,-0.23464980511429873
2021-12-30,2.915114230429224
2021-12-31,5.087796612740744
2022-01-01,13.81185464865476
2022-01-02,9.585789209017694
2022-01-03,-5.407791595942056
2022-01-04,-4.2130684190368
2022-01-05,-0.007482772250973602
2022-01-06,3.486308629942921
2022-01-07,3.921805261786676
2022-01-08,1.0001713001289054
2022-01-09,-3.0392528935674843
2022-01-10,-6.321430760964679
2022-01-11,-3.8760806476124685
2022-01-12,-1.4680567969307712
2022-01-13,1.8597601884300348
2022-01-14,2.8023961802964505
2022-01-15,-9.69786868023958
2022-01-16,-4.349992717233401
2022-01-17,-6.877774014193278
2022-01-18,-6.550024390254035
2022-01-19,-2.699500751694769
2022-01-20,1.9233162182390044
2022-01-21,3.4379812490710675
2022-01-22,-0.9384687073244673
2022-01-23,-4.4977660358482705
2022-01-24,-7.765716270146254
2022-01-25,-7.964701606222444
2022-01-26,-2.1646953060651635
2022-01-27,0.6335163258459491
2022-01-28,1.386014839097503
2022-01-29,-1.1635716078287053
2022-01-30,-5.4548923020358036
2022-01-31,-8.509252470175479
2022-02-01,-7.070765662178922
2022-02-02,-3.4694689219407966
2022-02-03,-0.5308793320584932
2022-02-04,0.6022677103118235
2022-02-05,-1.8487641137829036
2022-02-06,-6.496345092630636
2022-02-07,-9.671073234625762
2022-02-08,-8.63215714858192
2022-02-09,-4.81064717484123
2022-02-10,-0.8890512851660697
2022-02-11,0.8709086610446395
2022-02-12,-2.6856868271766206
2022-02-13,-6.817482173776919
2022-02-14,1.7927301326866392
2022-02-15,3.143761843208993
2022-02-16,-4.635130662489136
2022-02-17,-0.6540799856443504
2022-02-18,-0.7203329159692666
2022-02-19,-2.755893492768568
2022-02-20,-18.258653167359668
2022-02-21,-9.850017225610893
2022-02-22,-9.167045327433936
2022-02-23,-5.5092950797991636
2022-02-24,-1.7462630893870421
2022-02-25,-0.9706845328094733
2022-02-26,-3.689364586492514
2022-02-27,-7.281087175404253
2022-02-28,-10.827246659344706
2022-03-01,-3.8475729619
2022-03-02,-0.4491189540361563
2022-03-03,3.5395280721711133
2022-03-04,5.024826967805516
2022-03-05,2.1856959403307394
2022-03-06,-2.073105380252666
2022-03-07,-5.853581013969844
2022-03-08,-3.786781179117051
2022-03-09,0.4973852006572766
2022-03-10,5.255472305465198
2022-03-11,5.393207280724518
2022-03-12,1.9414810681589885
2022-03-13,-2.536662345212516
2022-03-14,-4.706145208761991
2022-03-15,-4.352818222318948
2022-03-16,-0.022353790434768577
2022-03-17,3.9124525960999232
2022-03-18,4.528621931258036
2022-03-19,2.3650807776475733
2022-03-20,-10.118315808515394
2022-03-21,-13.212022018723928
2022-03-22,-11.942120245466263
2022-03-23,-9.003025321679795
2022-03-24,-3.8071691895685023
2022-03-25,-2.5524750044937665
2022-03-26,-6.548847749405905
2022-03-27,-10.027746331627684
2022-03-28,-12.59309654870245
2022-03-29,-12.23384697819376
2022-03-30,-0.3689148536468775
2022-03-31,3.840685036806735
2022-04-01,4.563946451463901
2022-04-02,3.0576374231559766
2022-04-03,-1.819974699763086
2022-04-04,-5.145170229247488
2022-04-05,-3.1756058372862186
2022-04-06,0.06302817442808133
2022-04-07,3.6170290443359305
2022-04-08,5.040470087490557
2022-04-09,2.419353352249879
2022-04-10,-1.9984513948239047
2022-04-11,-4.882359710847333
2022-04-12,-4.621026280314368
2022-04-13,-0.6248808389554242
2022-04-14,4.1714924107101865
2022-04-15,4.687029865297058
2022-04-16,2.3770521753917535
2022-04-17,-2.6368748818031023
2022-04-18,-4.712440253797482
2022-04-19,-4.224014284793853
2022-04-20,-0.44251845187681227
2022-04-21,3.363990709542004
2022-04-22,5.152678016689552
2022-04-23,1.8709417926911573
2022-04-24,-2.8761347251498988
2022-04-25,-4.68811788679427
2022-04-26,-3.688027004543258
2022-04-27,-0.9954742448536311
2022-04-28,4.6156165690701965
2022-04-29,4.468394898455059
2022-04-30,2.4111741526171175
2022-05-01,-1.6325148807535916
2022-05-02,-5.336911316988617
2022-05-03,-2.9187520837939434
2022-05-04,1.20183156605211
2022-05-05,4.510542349510467
2022-05-06,4.579645794203941
2022-05-07,2.637548177755896
2022-05-08,-2.4634053172947885
2022-05-09,-5.123528147505718
2022-05-10,-3.4355723021840614
2022-05-11,0.2837532072967407
2022-05-12,3.4469528328156898
2022-05-13,3.905179852706499
2022-05-14,2.3488416853295933
2022-05-15,-2.1401581302044157
2022-05-16,-5.141603346280238
2022-05-17,-4.090101213038438
2022-05-18,0.059072086601133916
2022-05-19,4.547808324727558
2022-05-20,4.963721190230733
2022-05-21,2.1704125729672623
2022-05-22,-2.29785387680931
2022-05-23,-5.643360639903821
2022-05-24,-4.468763345028627
2022-05-25,0.47795889462797
2022-05-26,4.7526927368681875
2022-05-27,16.61823537661441
2022-05-28,14.998999347654886
2022-05-29,-2.6324541808926627
2022-05-30,-5.26020203080007
2022-05-31,-3.9905668679023014
2022-06-01,1.5081433207808734
2022-06-02,5.772336249039082
2022-06-03,6.7758461056143355
2022-06-04,4.092583619134946
2022-06-05,-0.8748619321896516
2022-06-06,-3.053280819796832
2022-06-07,-2.3342437711097794
2022-06-08,1.5827293916841927
2022-06-09,5.537491723201008
2022-06-10,6.829101574368078
2022-06-11,3.3697307513638313
2022-06-12,-1.0172631576101816
2022-06-13,-3.9128522587498047
2022-06-14,-2.379926487753034
2022-06-15,0.9318744633941615
2022-06-16,4.661332668686337
2022-06-17,5.678419974828132
2022-06-18,2.5464355402569008
2022-06-19,19.1512443157512
2022-06-20,16.33518524447997
2022-06-21,4.962816992451203
2022-06-22,9.33260519638677
2022-06-23,12.507136840710142
2022-06-24,13.603179370420737
2022-06-25,11.43110185535415
2022-06-26,6.435700362386287
2022-06-27,4.184742004163677
2022-06-28,4.31086912362732
2022-06-29,0.16618663166238018
2022-06-30,4.106824665212976
2022-07-01,5.757337654993362
2022-07-02,1.7791076727819746
2022-07-03,-1.9600531773539787
2022-07-04,6.467672201677812
2022-07-05,7.836803996268403
2022-07-06,-0.1192891120380726
2022-07-07,3.44432543724248
2022-07-08,5.241494709769544
2022-07-09,1.5898477245982527
2022-07-10,-2.008978689943616
2022-07-11,-5.826187995350963
2022-07-12,-4.065450933171489
2022-07-13,-0.23706991357450435
2022-07-14,3.2886299131802312
2022-07-15,4.684109126088785
2022-07-16,1.2169232834871035
2022-07-17,-3.555263465109531
2022-07-18,-5.337063845758698
2022-07-19,-5.41619147898588
2022-07-20,-0.89481038365462
2022-07-21,3.27420554868071
2022-07-22,3.811904233973838
2022-07-23,0.5766522319171317
2022-07-24,-3.6022699867845454
2022-07-25,-6.924759647240971
2022-07-26,-5.9944277438210065
2022-07-27,-3.0296303241358657
2022-07-28,2.304368958896949
2022-07-29,4.155907033977705
2022-07-30,0.5993883242390154
2022-07-31,-3.7913034228420064
2022-08-01,-6.972744292737872
2022-08-02,-5.686599404854595
2022-08-03,-1.5292506353961248
2022-08-04,1.411379448488574
2022-08-05,1.6456654924287797
2022-08-06,0.08058162512590483
2022-08-07,-5.157244980981514
2022-08-08,-7.2937901113271675
2022-08-09,-6.007128059018518
2022-08-10,-3.720315968124123
2022-08-11,1.4843640568986927
2022-08-12,2.3127299073769696
2022-08-13,-0.6533187807085059
2022-08-14,-5.749905226273418
2022-08-15,-7.564611543462429
2022-08-16,-6.795367817551135
2022-08-17,-2.3094897134107613
2022-08-18,1.0476642607489066
2022-08-19,1.9816118088292494
2022-08-20,-1.1911812986969577
2022-08-21,-6.310755603614929
2022-08-22,-7.284386447757822
2022-08-23,-7.432291327361433
2022-08-24,-2.9367780558988357
2022-08-25,1.164885639264908
2022-08-26,1.8825385717160223
2022-08-27,-1.8597183501444516
2022-08-28,-5.6574872720454055
2022-08-29,-8.155387105729323
2022-08-30,-7.552854322635685
2022-08-31,-3.7421084892485217
2022-09-01,4.409850494353252
2022-09-02,-4.663689980067765
2022-09-03,2.536700485472685
2022-09-04,-1.820106944460034
2022-09-05,-5.688681610681226
2022-09-06,-4.211805352758275
2022-09-07,-0.8290328165747344
2022-09-08,4.823637196461156
2022-09-09,4.618880432112961
2022-09-10,3.1104870307440127
2022-09-11,-2.1541044344451707
2022-09-12,-4.924944847987703
2022-09-13,-4.366106550289942
2022-09-14,-0.7847109012025251
2022-09-15,4.362201114058055
2022-09-16,4.500538080777626
2022-09-17,0.9477071121818137
2022-09-18,4.000312922673623
2022-09-19,0.6992474993891449
2022-09-20,2.0572601513703486
2022-09-21,5.773514627619845
2022-09-22,10.147442299594712
2022-09-23,10.030041948294969
2022-09-24,7.864289180630275
2022-09-25,3.419904644751179
2022-09-26,0.35207346893916913
2022-09-27,0.9863560236392219
2022-09-28,0.6471736103040805
2022-09-29,3.96900378514192
2022-09-30,4.39201905161241
2022-10-01,1.5336771628073287
2022-10-02,-2.1298816150826876
2022-10-03,-5.010542143775019
2022-10-04,-4.470378427541201
2022-10-05,-0.050421258329557704
2022-10-06,4.021048179397365
2022-10-07,5.13961896554704
2022-10-08,2.370243189225228
2022-10-09,-1.451888197716104
2022-10-10,-3.9621864527870008
2022-10-11,-2.8932401161532395
2022-10-12,0.4370916215007041
2022-10-13,4.089884705763149
2022-10-14,-5.247273711103163
2022-10-15,2.4082480242479893
2022-10-16,-2.5510632176311057
2022-10-17,-4.530666565563725
2022-10-18,-3.3131554032626522
2022-10-19,-0.4187888410461626
2022-10-20,4.3539510943329685
2022-10-21,5.507570787727629
2022-10-22,2.3803476952224334
2022-10-23,-2.132982256178294
2022-10-24,-5.64366083983613
2022-10-25,-4.395005422927942
2022-10-26,-0.36301063276083373
2022-10-27,3.114012510272186
2022-10-28,4.64908480725501
2022-10-29,2.297908142217835
2022-10-30,-2.9022556335355802
2022-10-31,-5.098513899973752
2022-11-01,-9.120276789994522
2022-11-02,-4.024282921949336
2022-11-03,-0.43117235818064703
2022-11-04,0.6118205249588469
2022-11-05,-1.9184968731305232
2022-11-06,-5.460138997444984
2022-11-07,-8.94199596000539
2022-11-08,-7.190396603968935
2022-11-09,-4.839722930976025
2022-11-10,-0.5474245560251614
2022-11-11,12.959176777540911
2022-11-12,10.977840943586974
2022-11-13,-5.577958334037797
2022-11-14,-8.250159752209045
2022-11-15,-7.404237574273542
2022-11-16,-3.357852633040286
2022-11-17,0.36850449538081076
2022-11-18,0.950655079435216
2022-11-19,-0.9124897552396862
2022-11-20,-5.931501908268036
2022-11-21,-8.539414258660221
2022-11-22,-6.8279973323092085
2022-11-23,-3.0819224920652437
2022-11-24,0.18974458501563252
2022-11-25,3.1045621775993366
2022-11-26,-1.2945777972624208
2022-11-27,-4.596734073884857
2022-11-28,3.368933942408657
2022-11-29,6.226044179577488
2022-11-30,-2.315102995559161
2022-12-01,2.128525949601441
2022-12-02,2.560971051791701
2022-12-03,-0.2917857270563977
2022-12-04,-4.3776140690360865
2022-12-05,-7.127062254393577
2022-12-06,-5.903586930501577
2022-12-07,-2.408863755132997
2022-12-08,3.0364382475329004
2022-12-09,3.259433835326294
2022-12-10,0.39369435193876146
2022-12-11,-4.522353171773322
2022-12-12,-6.561152318247744
2022-12-13,-5.093486457183518
2022-12-14,-1.35083887851413
2022-12-15,1.6708109076576108
2022-12-16,3.292079042992211
2022-12-17,1.5852350482130022
2022-12-18,2.936072552312095
2022-12-19,1.396382394179674
2022-12-20,1.5360525355792984
2022-12-21,5.524792940368988
2022-12-22,10.627412844448324
2022-12-23,11.338143078939284
2022-12-24,8.30932055312851
2022-12-25,15.507300303769027
2022-12-26,2.2218029752347426
2022-12-27,2.5071677913155916
2022-12-28,0.34037486659668775
2022-12-29,3.929733213852437
2022-12-30,5.070755322661846
2022-12-31,2.6906813190595917
2023-01-01,9.616756014890033
2023-01-02,6.743710353434109
2023-01-03,-4.011747171455329
2023-01-04,-0.16995832907944206
2023-01-05,2.9927903016202726
2023-01-06,5.099001709340526
2023-01-07,2.022727155595576
2023-01-08,-1.664217527324503
2023-01-09,-5.178773437516595
2023-01-10,-3.9490870875997635
2023-01-11,1.1625027296222727
2023-01-12,3.9242754322300977
2023-01-13,5.589921730587649
2023-01-14,2.483329983263669
2023-01-15,-12.331544094642021
2023-01-16,-4.78184851524617
2023-01-17,-3.8394885557096314
2023-01-18,-0.15011933983067768
2023-01-19,3.236581695340989
2023-01-20,4.8866112778214825
2023-01-21,1.6241530813543705
2023-01-22,-2.0795250507872423
2023-01-23,-4.351628121794853
2023-01-24,-3.9969062511002362
2023-01-25,-0.33659717162659897
2023-01-26,2.9124547868373374
2023-01-27,4.8720286497663485
2023-01-28,2.090944644308028
2023-01-29,-2.3499905395977367
2023-01-30,-4.751515407350744
2023-01-31,-4.457663825095293
2023-02-01,0.2711807192247144
2023-02-02,4.28143605198767
2023-02-03,4.954766145382514
2023-02-04,1.8444847002630371
2023-02-05,-2.308294801855575
2023-02-06,-4.855525181201014
2023-02-07,-3.7207134991564015
2023-02-08,-0.562176922350311
2023-02-09,3.309441218819176
2023-02-10,4.62064358809808
2023-02-11,2.5153798170907873
2023-02-12,-2.5038534962746204
2023-02-13,-6.050257945898942
2023-02-14,8.31393095165225
2023-02-15,12.719335861099617
2023-02-16,3.8817092633691392
2023-02-17,4.182228557044384
2023-02-18,3.0083321393398004
2023-02-19,-1.7726855429276096
2023-02-20,-15.602914822942282
2023-02-21,-3.6187085583369294
2023-02-22,-0.23367811680255576
2023-02-23,3.658921769309779
2023-02-24,4.732283189028703
2023-02-25,2.325294268901819
2023-02-26,-1.8068297449414277
2023-02-27,-6.553322577998092
2023-02-28,-3.2808599990212706
2023-03-01,0.11030300516270015
2023-03-02,3.5715365868313618
2023-03-03,5.391883422131804
2023-03-04,1.8184891912630794
2023-03-05,-2.3344044180947323
2023-03-06,-5.139082127046829
2023-03-07,-4.064279895865049
2023-03-08,-0.4447377752301816
2023-03-09,4.232242853614938
2023-03-10,4.350241563676976
2023-03-11,1.3416302620229585
2023-03-12,-2.2399866864085234
2023-03-13,-5.003023195059741
2023-03-14,-3.860434181545329
2023-03-15,-0.33793910363449986
2023-03-16,3.952451558373448
2023-03-17,5.310660269665709
2023-03-18,2.6511751855273813
2023-03-19,-8.08299122731068
2023-03-20,-10.882829069660556
2023-03-21,-10.418707043695111
2023-03-22,-5.6746945569892695
2023-03-23,-1.7627984035519901
2023-03-24,-1.3480475030511077
2023-03-25,-4.229353601047009
2023-03-26,-8.414939672832281
2023-03-27,-11.04726121454294
2023-03-28,-9.447910845961795
2023-03-29,-0.16177587232097218
2023-03-30,3.192711592397674
2023-03-31,4.386834758874943
2023-04-01,2.019120116233599
2023-04-02,-2.481526841440325
2023-04-03,-5.061693703884573
2023-04-04,-3.790611153100698
2023-04-05,-0.07623167589889572
2023-04-06,3.5124860667284485
2023-04-07,4.397727679390864
2023-04-08,2.539931929245751
2023-04-09,-2.313586896833533
2023-04-10,-5.085270866923395
2023-04-11,-4.25402173572553
2023-04-12,0.5508580053675912
2023-04-13,4.28676556401094
2023-04-14,4.726943275205129
2023-04-15,1.5869424614710672
2023-04-16,-2.7262507157712927
2023-04-17,-5.278807629157065
2023-04-18,-3.243868961948813
2023-04-19,0.09702274288800178
2023-04-20,3.502219216627941
2023-04-21,4.186228335774904
2023-04-22,1.8614633491860546
2023-04-23,-1.756254712244952
2023-04-24,-5.308817457954994
2023-04-25,-3.2277160984871127
2023-04-26,-0.11933923895755918
2023-04-27,3.0343566927831813
2023-04-28,5.125466970209205
2023-04-29,1.905227607362956
2023-04-30,-1.9801353942221698
2023-05-01,-4.589459911600634
2023-05-02,-3.928153710934588
2023-05-03,0.005668287300783382
2023-05-04,3.9626149766076666
2023-05-05,4.950490399635352
2023-05-06,1.6035018983437408
2023-05-07,-1.7142027469752827
2023-05-08,-4.731455755769177
2023-05-09,-5.070676931820877
2023-05-10,-0.6418756175367015
2023-05-11,3.826349811592788
2023-05-12,4.533085000925773
2023-05-13,1.5354083552907953
2023-05-14,-2.562392614324067
2023-05-15,-5.172475455028216
2023-05-16,-3.556806491985494
2023-05-17,-0.3324142322176173
2023-05-18,4.080693468991817
2023-05-19,4.327551110766677
2023-05-20,2.056644123676549
2023-05-21,-2.3491551684466976
2023-05-22,-5.03019024900878
2023-05-23,-3.8206228924993484
2023-05-24,0.3511336876002916
2023-05-25,3.9623526013719377
2023-05-26,3.8252185005042234
2023-05-27,14.284040111437385
2023-05-28,9.799777971511746
2023-05-29,-5.299999392683628
2023-05-30,-4.339933411981742
2023-05-31,-0.2273662885930515
2023-06-01,6.375063535561944
2023-06-02,6.323306619281184
2023-06-03,5.328853995473925
2023-06-04,-0.44095842585525435
2023-06-05,-2.3761410847222817
2023-06-06,-2.293428331448176
2023-06-07,2.2668620936099946
2023-06-08,5.366539307353689
2023-06-09,5.8502456957910525
2023-06-10,4.0616423366624135
2023-06-11,-0.49395447590048747
2023-06-12,-3.222984562565482
2023-06-13,-3.213243884023022
2023-06-14,1.3566768331080146
2023-06-15,5.333886500459927
2023-06-16,5.786733028438021
2023-06-17,3.9630689092953424
2023-06-18,6.158863334136561
2023-06-19,15.545711554843512
2023-06-20,15.602746739041987
2023-06-21,7.2808748426846295
2023-06-22,11.653194417543366
2023-06-23,12.367277291472528
2023-06-24,10.566103428090198
2023-06-25,5.783531622885989
2023-06-26,3.0599737575113553
2023-06-27,2.8583934959134902
2023-06-28,0.5888510449694566
2023-06-29,4.215765305413692
2023-06-30,5.660482062942129
2023-07-01,2.1200855064229405
2023-07-02,-2.1565015967554
2023-07-03,-4.956776424995606
2023-07-04,8.590992675715604
2023-07-05,12.494453483790206
2023-07-06,4.750434373824712
2023-07-07,4.502309622215444
2023-07-08,1.201403666917622
2023-07-09,-2.1452649010221703
2023-07-10,-5.669218632072743
2023-07-11,-4.215658183421503
2023-07-12,-0.39023177251865016
2023-07-13,2.9723614686222186
2023-07-14,4.536486208482453
2023-07-15,1.3853615794863576
2023-07-16,-4.367207918284566
2023-07-17,-5.384261597899172
2023-07-18,-5.338824381786445
2023-07-19,-0.8180261247070859
2023-07-20,2.508095078215592
2023-07-21,2.3571967300210996
2023-07-22,0.5844058527108829
2023-07-23,-2.7663170561290022
2023-07-24,-6.590248426904702
2023-07-25,-5.76727167236127
2023-07-26,-2.35874923228208
2023-07-27,2.139083796351394
2023-07-28,2.753474255627988
2023-07-29,-0.3579346631002598
2023-07-30,-4.856224311092587
2023-07-31,-6.757440977612873
2023-08-01,-5.6020615646567595
2023-08-02,-2.456100298317811
2023-08-03,1.6497011930045389
2023-08-04,2.0969129717342763
2023-08-05,-0.007331766332219214
2023-08-06,-5.062455706240555
2023-08-07,-6.974275523412918
2023-08-08,-5.779948542431562
2023-08-09,-1.8665745875447182
2023-08-10,2.027106792998179
2023-08-11,1.8144657748810937
2023-08-12,-1.6720015871032032
2023-08-13,-4.740449433267896
2023-08-14,-8.08320773315083
2023-08-15,-5.856655691186967
2023-08-16,-2.888088996715322
2023-08-17,0.1485028934889292
2023-08-18,2.7714927155505973
2023-08-19,-0.5579387120402561
2023-08-20,-4.583904240956606
2023-08-21,-8.202671359443817
2023-08-22,-6.876957670045204
2023-08-23,-2.390900382355527
2023-08-24,0.5864497815929286
2023-08-25,2.1958109709274534
2023-08-26,-0.4693632297557051
2023-08-27,-4.831177389824359
2023-08-28,-8.700586773385323
2023-08-29,-7.706065324269268
2023-08-30,-2.1474044493762046
2023-08-31,0.20883198871367625
2023-09-01,4.904709239267448
2023-09-02,-7.6336750050350695
2023-09-03,-2.5858104305725713
2023-09-04,-5.458352214942234
2023-09-05,-4.741190161498428
2023-09-06,-0.2508246154429682
2023-09-07,3.595640729704378
2023-09-08,5.220036598943162
2023-09-09,2.1875095275643828
2023-09-10,-1.844340779326363
2023-09-11,-3.994231101533654
2023-09-12,-4.742832037689978
2023-09-13,-0.3864838360101595
2023-09-14,4.7395340227436
2023-09-15,4.789899355116154
2023-09-16,1.6365929964111379
2023-09-17,5.539042607135679
2023-09-18,1.6202221165997974
2023-09-19,3.68021286955604
2023-09-20,7.289655464407556
2023-09-21,11.773906113352936
2023-09-22,13.161121954771733
2023-09-23,9.567189291750951
2023-09-24,4.5833492490701335
2023-09-25,2.4148048374463116
2023-09-26,2.5538325478267945
2023-09-27,0.5120187507317757
2023-09-28,4.271359464772936
2023-09-29,5.96460321639554
2023-09-30,2.2946443105994256
2023-10-01,-2.1731140734920635
2023-10-02,-4.584890821082199
2023-10-03,-3.4649262601533763
2023-10-04,0.8735484957473623
2023-10-05,3.8413108730287435
2023-10-06,3.913013245260837
2023-10-07,2.665813306198382
2023-10-08,-2.239051481415444
2023-10-09,-5.644956113408777
2023-10-10,-4.1545861926087895
2023-10-11,-0.034445273175811524
2023-10-12,3.938802579365581
2023-10-13,4.616532031609918
2023-10-14,-8.092399032615663
2023-10-15,-2.853639589585588
2023-10-16,-5.153163034049825
2023-10-17,-3.7674064288976425
2023-10-18,0.016579711511155847
2023-10-19,2.9413315454970315
2023-10-20,4.0998382734243926
2023-10-21,2.164149614572775
2023-10-22,-2.440440011793177
2023-10-23,-4.7398259998048715
2023-10-24,-3.1801943602580107
2023-10-25,-0.45147653918014086
2023-10-26,4.4630275864064295
2023-10-27,5.034663647402784
2023-10-28,2.194171716262029
2023-10-29,-1.6716622904468226
2023-10-30,-5.454443956707925
2023-10-31,-3.058293266515539
2023-11-01,-4.733901618496823
2023-11-02,-1.1840409032818457
2023-11-03,0.2383065086078524
2023-11-04,-1.8233527432055348
2023-11-05,-7.469497170594099
2023-11-06,-8.397817943136197
2023-11-07,-7.682067901341121
2023-11-08,-4.542507625593675
2023-11-09,-0.5184383334042231
2023-11-10,0.4083989191658137
2023-11-11,10.128429119578785
2023-11-12,5.953586115914145
2023-11-13,-8.985748687234423
2023-11-14,-8.10371912085578
2023-11-15,-3.3526305263526854
2023-11-16,0.2178423313443183
2023-11-17,1.9950573316858726
2023-11-18,-1.6476040622351955
2023-11-19,-4.73555777019118
2023-11-20,-8.512996750365705
2023-11-21,-7.708956281599215
2023-11-22,-2.707946625018946
2023-11-23,0.7692358629192948
2023-11-24,2.29053989958588
2023-11-25,-0.8793491144112981
2023-11-26,-4.207043779492143
2023-11-27,-6.629639672751426
2023-11-28,4.637296145010094
2023-11-29,10.046044477533012
2023-11-30,1.5145113694788943
2023-12-01,3.296900017114218
2023-12-02,-0.26771451259359536
2023-12-03,-4.236349089404929
2023-12-04,-7.3905714836470775
2023-12-05,-6.378139632189701
2023-12-06,-2.1844829697633417
2023-12-07,2.2573907142855965
2023-12-08,3.4403896335302484
2023-12-09,0.6000276647049101
2023-12-10,-2.7938827422337384
2023-12-11,-7.289137142669186
2023-12-12,-5.619658833795367
2023-12-13,-0.8577109463681903
2023-12-14,2.8029494232196788
2023-12-15,3.8815017331077337
2023-12-16,0.11847806147230466
2023-12-17,3.2539942230035463
2023-12-18,-0.15849977879911736
2023-12-19,1.589729553048211
2023-12-20,5.098529047954126
2023-12-21,9.47130820294479
2023-12-22,9.864350119480253
2023-12-23,7.216233170139498
2023-12-24,3.3251846330233272
2023-12-25,12.290367363211216
2023-12-26,4.1255847441673215
2023-12-27,-1.6985601685080545
2023-12-28,3.770271402836137
2023-12-29,4.557042806338554
2023-12-30,1.789986354234797
2023-12-31,-1.5563559301098437
2024-01-01,8.09048378368186
2024-01-02,8.168432560314056
2024-01-03,-0.34422678962674513
2024-01-04,3.6457537705694874
2024-01-05,4.4571651352254325
2024-01-06,1.372520462032605
2024-01-07,-3.352452729935883
2024-01-08,-6.02163573012063
2024-01-09,-5.06638338031672
2024-01-10,-1.7311964877526291
2024-01-11,2.108677243652672
2024-01-12,3.3709313295334695
2024-01-13,1.3562767737286625
2024-01-14,-4.430290872704711
2024-01-15,-15.780935182657966
2024-01-16,-6.500463469979005
2024-01-17,-2.5224816180478116
2024-01-18,2.0784404090886204
2024-01-19,2.6892174277237353
2024-01-20,-0.14184324742269405
2024-01-21,-4.781269287885618
2024-01-22,-7.591463662192625
2024-01-23,-6.644539071484561
2024-01-24,-2.0457136269269363
2024-01-25,1.4227811768599339
2024-01-26,1.509661750429394
2024-01-27,-0.22925030480661546
2024-01-28,-5.422386296851147
2024-01-29,-8.52172359852665
2024-01-30,-7.133950326430757
2024-01-31,-3.6154538499201725
2024-02-01,0.6171288204060055
2024-02-02,0.3916735303983563
2024-02-03,-1.724089019135913
2024-02-04,-5.4404813681926925
2024-02-05,-8.66063224660267
2024-02-06,-8.608125065134942
2024-02-07,-4.590928900422531
2024-02-08,-1.066756165940851
2024-02-09,-0.3231389558006299
2024-02-10,-2.778993990488595
2024-02-11,-6.701440356798803
2024-02-12,-9.422814594736193
2024-02-13,-8.958251046728588
2024-02-14,7.096267640596167
2024-02-15,11.241156324628063
2024-02-16,0.20424561093538518
2024-02-17,-3.848566511734603
2024-02-18,-7.6561103044569645
2024-02-19,-8.194506940098846
2024-02-20,-19.73128962692867
2024-02-21,-5.753864338281104
2024-02-22,-2.2241417849272715
2024-02-23,-1.4917608542786276
2024-02-24,-2.7177887457940737
2024-02-25,-7.486653774294819
2024-02-26,-10.263949152228854
2024-02-27,-10.229568322097666
2024-02-28,-5.442477687085017
2024-02-29,-1.4432639780399592
2024-03-01,5.39175636375448
2024-03-02,2.719271136044064
2024-03-03,-1.655337301617886
2024-03-04,-5.5570243263763235
2024-03-05,-4.072523641438721
2024-03-06,0.10456352995878415
2024-03-07,4.4035251760154965
2024-03-08,4.468746445585947
2024-03-09,2.677227032593078
2024-03-10,-1.7297305111490395
2024-03-11,-5.369681808552456
2024-03-12,-3.828043766394271
2024-03-13,-0.5809154142755385
2024-03-14,3.980834314946216
2024-03-15,4.696244688641718
2024-03-16,1.4991820692845128
2024-03-17,-8.869608960059942
2024-03-18,-11.189707938946722
2024-03-19,-10.269975672873583
2024-03-20,-6.136263101152724
2024-03-21,-2.8313513756103137
2024-03-22,-2.5887244393201936
2024-03-23,-4.856003465224818
2024-03-24,-9.012105881692323
2024-03-25,-11.338353179376252
2024-03-26,-9.948785422534906
2024-03-27,-0.8469023420806401
2024-03-28,3.717233367651673
2024-03-29,4.411801503787815
2024-03-30,1.707814609766186
2024-03-31,-2.2043864769552837
2024-04-01,-4.374503273165478
2024-04-02,-4.007366240994735
2024-04-03,0.5419115653885823
2024-04-04,3.6145631076650595
2024-04-05,5.0038629856801835
2024-04-06,2.1808876561804955
2024-04-07,-2.617280429172747
2024-04-08,-4.9524590536015864
2024-04-09,-3.067399237471393
2024-04-10,-0.2619751877986164
2024-04-11,3.992960503564996
2024-04-12,5.2609132914421455
2024-04-13,2.5649380736981198
2024-04-14,-1.8643238873975145
2024-04-15,-5.557413450204146
2024-04-16,-4.1556680895244655
2024-04-17,0.41468392692978384
2024-04-18,4.053306940840475
2024-04-19,5.611196487752737
2024-04-20,1.9151318953357745
2024-04-21,-3.1162308177193903
2024-04-22,-5.047855030999495
2024-04-23,-4.642194819246589
2024-04-24,0.5052444924887008
2024-04-25,4.00602730679417
2024-04-26,4.947510861877942
2024-04-27,2.423552632911972
2024-04-28,-1.8655038089930125
2024-04-29,-5.464683636900348
2024-04-30,-3.1786225549407
2024-05-01,-0.20119697912002324
2024-05-02,3.674474207315348
2024-05-03,5.004188831016088
2024-05-04,1.803051053648291
2024-05-05,-2.550811372671126
2024-05-06,-4.547763699058514
2024-05-07,-3.9998783778609353
2024-05-08,0.4080608920654394
2024-05-09,3.5221497787741027
2024-05-10,4.796786823684336
2024-05-11,2.2133977242097647
2024-05-12,-1.557023143401098
2024-05-13,-5.30146383945126
2024-05-14,-3.984968300042833
2024-05-15,-0.1443003585033932
2024-05-16,4.822043573477854
2024-05-17,4.745416006171192
2024-05-18,2.373934240814169
2024-05-19,-2.3652439130816645
2024-05-20,-4.986867779395993
2024-05-21,-4.326605156270838
2024-05-22,0.3789423239753892
2024-05-23,3.7928197805989616
2024-05-24,4.5800997284000236
2024-05-25,2.752360731954308
2024-05-26,-2.3108698582773566
2024-05-27,6.908145127938807
2024-05-28,8.194598720739679
2024-05-29,0.5938507678697734
2024-05-30,4.0199840069860455
2024-05-31,4.764919238618337
2024-06-01,3.689560466195733
2024-06-02,-0.6099920025688124
2024-06-03,-2.942929212607601
2024-06-04,-1.5202728114739275
2024-06-05,0.41394539232978866
2024-06-06,6.18212275476014
2024-06-07,5.554800993485678
2024-06-08,3.3972364270909585
2024-06-09,0.40676109575927333
2024-06-10,-3.916171109465551
2024-06-11,-2.3056469374274298
2024-06-12,1.8066195660254218
2024-06-13,5.241777188787921
2024-06-14,5.737961567570642
2024-06-15,3.1845074181424797
2024-06-16,-7.717594591902583
2024-06-17,-12.036585302438583
2024-06-18,-10.40230869357222
2024-06-19,6.964569955337644
2024-06-20,10.259023761089098
2024-06-21,-1.6123499666455987
2024-06-22,-4.5362479457862515
2024-06-23,-8.419146318742103
2024-06-24,-10.896834436011087
2024-06-25,-9.488374503305183
2024-06-26,0.8429033696354993
2024-06-27,5.133323665850837
2024-06-28,4.729566155234794
2024-06-29,2.8558768265894523
2024-06-30,-1.262700861559238
2024-07-01,-5.457512403994224
2024-07-02,-3.5114750363970817
2024-07-03,-0.33040008085711303
2024-07-04,16.009305476375896
2024-07-05,16.436860614904333
2024-07-06,1.9987979140692416
2024-07-07,-2.7994307459350902
2024-07-08,-5.473390748720407
2024-07-09,-4.756458100140935
2024-07-10,-1.7606005915864622
2024-07-11,3.0605537092217214
2024-07-12,5.029929314663784
2024-07-13,1.4248529435271924
2024-07-14,-3.706157269824656
2024-07-15,-5.790095282097379
2024-07-16,-4.120341359513055
2024-07-17,-0.6866276468437411
2024-07-18,2.421288550181772
2024-07-19,3.5753488555928676
2024-07-20,0.6202835206896145
2024-07-21,-2.6709060293756863
2024-07-22,-5.961442737977727
2024-07-23,-4.387297393544442
2024-07-24,-1.601816541587808
2024-07-25,2.652419416174466
2024-07-26,3.056713558423221
2024-07-27,0.6096839016541629
2024-07-28,-3.8760970827375374
2024-07-29,-6.6502354483348185
2024-07-30,-5.724483569588163
2024-07-31,-2.388669870499137
2024-08-01,2.1428997508349896
2024-08-02,1.4309862238334334
2024-08-03,-0.7294811076193555
2024-08-04,-4.099206187664551
2024-08-05,-6.6392133187710884
2024-08-06,-6.893289689367055
2024-08-07,-1.1356570161974728
2024-08-08,0.8293914559572197
2024-08-09,2.7814547848530347
2024-08-10,-0.9130425482870168
2024-08-11,-4.921275469010409
2024-08-12,-7.1214681006579355
2024-08-13,-5.563275796040939
2024-08-14,-2.876902743698374
2024-08-15,1.176378709220257
2024-08-16,1.643440909653679
2024-08-17,-1.498559364512085
2024-08-18,-4.724860848685206
2024-08-19,-7.994844636907805
2024-08-20,-7.047481867710546
2024-08-21,-2.5253982220784534
2024-08-22,0.9412165349102084
2024-08-23,2.3055718991090637
2024-08-24,-0.9304034685392044
2024-08-25,-5.32984814299571
2024-08-26,-8.745041602462194
2024-08-27,-7.437430056958511
2024-08-28,-3.1731722396131867
2024-08-29,1.1608225742072973
2024-08-30,1.5030709903177009
2024-08-31,-1.2248171154679843
2024-09-01,-1.4444945896512675
2024-09-02,-14.797724121487281
2024-09-03,-3.8831861713154328
2024-09-04,0.3164704260268731
2024-09-05,2.769787113057115
2024-09-06,5.4407913343990195
2024-09-07,1.772995984292598
2024-09-08,-1.5372891449350057
2024-09-09,-5.046657346284709
2024-09-10,-4.08669621719161
2024-09-11,0.11688023999701168
2024-09-12,3.41689515459847
2024-09-13,4.134629408253665
2024-09-14,1.789285359714226
2024-09-15,6.077517892767436
2024-09-16,3.626269645261911
2024-09-17,4.784468531010273
2024-09-18,9.34392479660105
2024-09-19,12.998188511954652
2024-09-20,13.746299104202372
2024-09-21,10.913871985521073
2024-09-22,5.599579399628024
2024-09-23,3.0651240961273043
2024-09-24,4.307179393096404
2024-09-25,1.1952835874360406
2024-09-26,4.22310051262367
2024-09-27,4.543893824700642
2024-09-28,2.5473772041332476
2024-09-29,-2.6085597157270684
2024-09-30,-4.936882168446069
2024-10-01,-4.337924976258876
2024-10-02,-0.7079495623462098
2024-10-03,4.17474174798482
2024-10-04,5.3226911599014235
2024-10-05,1.3716519939775675
2024-10-06,-2.6720370467424197
2024-10-07,-5.491870876889333
2024-10-08,-4.8315524457004315
2024-10-09,-0.635190543503617
2024-10-10,3.9765942253063495
2024-10-11,4.541681544822857
2024-10-12,2.5147346173896086
2024-10-13,-1.4418416263027334
2024-10-14,-15.262172108893594
2024-10-15,-3.425997524130996
2024-10-16,0.02247381329384011
2024-10-17,3.9924499525265422
2024-10-18,5.374966041068837
2024-10-19,1.5191090299955032
2024-10-20,-2.122160818019199
2024-10-21,-4.216676266856971
2024-10-22,-2.866993169451754
2024-10-23,-0.2859814449283744
2024-10-24,4.0030206493046565
2024-10-25,5.267947554703284
2024-10-26,1.9446620821906353
2024-10-27,-2.3220355437947515
2024-10-28,-4.515230862027367
2024-10-29,-3.6237291825679803
2024-10-30,-0.1378817159862109
2024-10-31,4.157293582643697
2024-11-01,0.30850949731142663
2024-11-02,-2.29291352194723
2024-11-03,-6.743894637837467
2024-11-04,-9.06782814170348
2024-11-05,-8.504692268137646
2024-11-06,-4.747412144571098
2024-11-07,0.38346645594938433
2024-11-08,1.6224462913672424
2024-11-09,-0.9351594458769603
2024-11-10,-6.141064014411048
2024-11-11,3.4688524923452024
2024-11-12,4.377122281233041
2024-11-13,-4.409265983776961
2024-11-14,1.1629003926607604
2024-11-15,1.4680835644608354
2024-11-16,-1.9331268732092732
2024-11-17,-5.140328052716024
2024-11-18,-7.2160301092921095
2024-11-19,-6.863843888106762
2024-11-20,-3.6168110238135993
2024-11-21,0.8057353381552814
2024-11-22,2.2345483672930913
2024-11-23,-0.5631388166056555
2024-11-24,-4.621247294880067
2024-11-25,-8.246591751756036
2024-11-26,-6.868171239536331
2024-11-27,-2.9232448404580067
2024-11-28,13.273183175809574
2024-11-29,14.154333528948877
2024-11-30,-0.13828147835085103
2024-12-01,-4.496683176252683
2024-12-02,-6.941350244796051
2024-12-03,-5.705931593871585
2024-12-04,-2.264747933598942
2024-12-05,0.9543779973366138
2024-12-06,3.1367245272614137
2024-12-07,0.16784992934065812
2024-12-08,-4.495051803704688
2024-12-09,-6.481760129588139
2024-12-10,-6.049545299230324
2024-12-11,-1.834786361362337
2024-12-12,1.6849624326115509
2024-12-13,3.1872150958173195
2024-12-14,0.5845582041388573
2024-12-15,1.6274365064874308
2024-12-16,-0.7751641242785483
2024-12-17,-0.7917850058740692
2024-12-18,4.148466791812962
2024-12-19,8.07127544282681
2024-12-20,9.98278830815118
2024-12-21,6.640524862495457
2024-12-22,2.2864652495353885
2024-12-23,0.31123730277241113
2024-12-24,1.2947616268835873
2024-12-25,11.355731627295018
2024-12-26,6.073884876698352
2024-12-27,4.379992753023494
2024-12-28,1.9699760442214558
2024-12-29,-1.95287795638434
